user_id,user_type,sim_age_months,device_age_months,loan_apps_installed,gaming_apps_installed,finance_apps_installed,signup_tenure_days,upi_id_tenure_days,address_stability_flag
0,2,32,19,4,3,1,491,954,1
1,3,3,8,2,11,1,352,51,1
2,0,27,10,1,2,4,935,802,1
3,3,4,2,0,8,3,789,509,1
4,0,5,15,1,1,2,118,752,1
5,0,52,29,1,2,4,738,41,1
6,3,6,10,1,7,2,281,366,1
7,0,21,6,1,0,2,132,521,1
8,3,3,1,0,11,1,879,153,1
9,0,25,11,1,0,4,649,352,1
10,0,13,4,1,1,4,364,722,1
11,1,8,12,2,1,2,998,745,1
12,0,9,11,0,1,4,912,888,1
13,0,8,6,0,2,2,802,594,1
14,1,54,16,2,4,2,425,480,1
15,0,16,1,0,2,4,730,295,1
16,3,8,7,2,13,3,660,258,1
17,3,9,4,2,7,1,563,722,1
18,3,10,11,0,12,1,777,813,1
19,3,9,6,2,9,2,584,518,1
20,1,12,23,2,4,2,627,549,1
21,0,14,10,1,1,3,524,559,1
22,0,28,13,0,1,4,902,567,1
23,3,4,10,0,13,1,903,938,1
24,1,10,1,2,4,1,555,6,1
25,0,6,21,0,1,4,832,617,1
26,0,7,3,1,1,2,325,910,1
27,0,47,24,0,2,4,128,975,1
28,1,8,13,2,2,1,189,154,1
29,0,26,22,0,0,4,882,738,1
30,0,51,30,0,2,4,88,744,1
31,1,2,12,3,4,2,470,535,1
32,1,47,27,3,4,1,591,50,1
33,0,50,30,0,2,4,325,224,1
34,2,19,14,3,5,1,426,830,1
35,0,30,29,0,1,4,607,254,1
36,1,48,30,3,4,1,981,228,1
37,3,2,3,1,8,2,656,128,1
38,0,2,8,0,1,3,262,414,1
39,2,57,4,3,5,0,547,334,1
40,3,4,10,2,7,3,626,795,1
41,3,3,6,0,5,2,401,8,1
42,0,39,33,0,0,3,884,941,1
43,3,4,11,2,6,1,310,306,1
44,1,45,8,3,1,2,306,431,1
45,0,32,8,1,1,4,538,24,1
46,3,3,10,1,13,3,58,20,1
47,3,5,9,2,8,3,222,55,1
48,2,17,21,5,2,0,932,650,1
49,0,29,3,1,0,4,135,755,1
50,1,15,26,3,4,1,856,664,1
51,3,5,3,2,13,1,322,500,1
52,1,39,12,3,4,2,763,632,1
53,0,46,22,1,2,3,924,887,1
54,1,20,12,3,4,2,681,82,1
55,0,31,9,0,1,3,536,263,1
56,0,2,23,1,2,3,462,404,1
57,1,44,26,2,2,1,40,32,1
58,0,9,26,0,1,3,32,593,1
59,1,15,10,3,4,1,309,868,1
60,1,58,1,1,2,1,32,221,1
61,0,25,30,0,0,4,527,665,1
62,1,41,5,3,2,1,174,412,1
63,1,45,11,3,2,2,518,293,1
64,3,11,2,0,11,1,898,997,1
65,0,25,24,0,2,3,503,110,1
66,1,18,1,1,1,2,746,473,1
67,0,51,18,0,2,3,231,292,1
68,3,4,2,1,14,1,753,268,1
69,0,5,33,1,2,4,223,888,1
70,0,38,8,0,0,3,331,125,1
71,2,17,6,7,4,0,396,528,1
72,0,57,2,1,0,4,836,70,1
73,3,4,7,0,10,1,891,735,1
74,3,5,4,2,14,2,424,330,1
75,3,9,6,2,7,3,974,971,1
76,1,14,35,3,4,2,349,121,1
77,0,15,28,1,1,4,909,380,1
78,0,42,2,0,2,4,990,959,1
79,0,25,11,0,1,3,828,866,1
80,0,1,22,0,2,2,66,384,1
81,2,14,5,5,4,0,382,781,1
82,2,20,24,3,4,0,808,970,1
83,3,10,3,2,6,2,419,856,1
84,0,38,1,1,0,3,262,868,1
85,3,6,10,0,5,3,224,68,1
86,0,5,2,0,1,3,840,536,1
87,0,38,17,0,0,2,159,872,1
88,0,32,24,1,1,4,569,575,1
89,2,32,5,3,5,0,394,784,1
90,1,15,8,1,3,1,661,877,1
91,1,28,21,3,3,2,368,990,1
92,3,3,1,0,5,2,835,981,1
93,3,11,8,0,10,2,589,526,1
94,0,19,34,1,0,4,580,648,1
95,1,15,4,3,1,2,695,655,1
96,3,11,3,0,5,1,341,450,1
97,0,10,35,1,2,4,539,754,1
98,0,28,11,0,1,3,524,104,1
99,2,29,31,3,4,1,4,448,1
100,0,14,20,1,1,2,978,725,1
101,1,37,11,3,2,2,659,744,1
102,3,7,6,2,10,1,340,28,1
103,1,54,18,3,2,2,955,490,1
104,2,49,12,5,2,1,96,171,1
105,0,54,29,1,2,3,129,597,1
106,2,19,20,5,4,0,21,898,1
107,2,14,9,6,5,1,24,698,1
108,0,57,21,0,1,3,985,818,1
109,3,5,1,2,7,3,785,447,1
110,3,10,11,1,6,1,793,668,1
111,2,42,17,3,3,0,525,255,1
112,0,58,14,1,1,4,471,19,1
113,2,23,2,4,4,1,314,171,1
114,3,1,5,2,10,3,233,403,1
115,0,5,28,0,1,2,6,315,1
116,1,31,25,3,1,2,722,988,1
117,0,3,5,1,1,2,299,679,1
118,2,31,11,3,2,0,167,247,1
119,3,6,11,0,10,2,644,976,1
120,0,11,17,0,1,3,901,723,1
121,3,11,8,1,8,3,146,330,1
122,3,7,11,2,6,1,641,654,1
123,0,43,9,1,0,3,223,400,1
124,2,58,14,6,5,0,60,469,1
125,2,43,34,5,4,1,979,957,1
126,2,5,18,5,5,1,448,342,1
127,0,26,22,0,2,3,382,513,1
128,0,38,28,0,0,2,284,594,1
129,3,7,2,2,6,3,964,578,1
130,2,6,18,5,3,1,233,938,1
131,2,55,4,4,4,1,140,988,1
132,3,1,6,2,11,1,886,36,1
133,1,16,18,3,2,1,563,75,1
134,0,41,25,0,0,3,911,821,1
135,2,3,29,5,2,0,804,657,1
136,3,3,10,0,10,1,473,582,1
137,3,2,7,1,9,1,619,141,1
138,1,54,25,3,4,2,379,146,1
139,3,5,9,2,9,2,830,385,1
140,2,37,28,3,3,0,41,797,1
141,0,34,8,0,0,2,219,909,1
142,0,17,14,0,2,4,340,821,1
143,3,7,8,0,6,3,216,940,1
144,1,7,35,2,1,2,956,747,1
145,3,9,2,2,12,2,351,524,1
146,0,44,2,0,2,3,641,988,1
147,0,31,11,0,0,4,917,331,1
148,1,58,18,1,4,2,85,586,1
149,0,58,19,0,0,3,850,152,1
150,0,36,23,0,2,3,463,31,1
151,1,47,34,3,3,1,431,629,1
152,0,39,31,0,0,3,466,96,1
153,2,17,28,3,2,0,833,987,1
154,3,4,11,0,7,1,289,312,1
155,3,8,2,0,8,1,967,194,1
156,3,4,3,1,6,1,425,679,1
157,0,27,1,1,0,3,160,921,1
158,3,3,4,0,11,2,132,799,1
159,2,16,12,7,2,0,196,528,1
160,0,30,29,0,1,3,182,282,1
161,3,8,3,0,9,2,711,449,1
162,1,14,24,3,4,2,430,472,1
163,1,23,6,3,3,1,692,138,1
164,0,52,17,1,1,2,269,825,1
165,0,59,32,1,1,2,417,619,1
166,2,23,27,4,5,1,701,800,1
167,3,1,1,2,7,3,917,264,1
168,3,8,10,1,14,1,533,679,1
169,0,2,7,1,2,3,299,195,1
170,3,3,1,2,13,2,760,15,1
171,2,38,27,3,2,0,19,189,1
172,0,2,26,1,0,2,202,696,1
173,1,25,18,3,4,1,175,939,1
174,2,31,11,7,4,0,970,973,1
175,3,5,9,1,7,2,415,440,1
176,0,10,35,0,1,3,10,441,1
177,2,1,6,4,3,0,994,812,1
178,0,24,9,1,1,3,171,940,1
179,3,4,8,2,14,1,926,452,1
180,0,39,27,1,1,4,45,309,1
181,3,11,2,0,9,3,953,8,1
182,0,28,20,1,1,3,663,516,1
183,0,9,8,1,2,2,857,809,1
184,0,56,19,1,2,3,428,275,1
185,2,8,31,7,2,1,376,753,1
186,2,6,29,7,3,0,871,519,1
187,3,1,4,1,13,2,931,607,1
188,2,35,1,4,5,1,281,477,1
189,3,3,1,0,9,3,260,432,1
190,0,48,13,0,2,3,327,61,1
191,3,6,6,0,7,1,669,788,1
192,3,11,1,1,9,1,384,505,1
193,1,46,8,2,4,1,220,763,1
194,1,13,23,2,2,1,516,424,1
195,0,31,12,1,1,2,409,784,1
196,3,7,11,0,8,3,73,492,1
197,2,50,1,4,3,1,619,221,1
198,0,39,13,1,0,4,139,319,1
199,2,15,4,4,3,0,117,232,1
200,1,44,32,1,2,2,497,851,1
201,0,54,24,1,0,4,390,67,1
202,1,18,31,3,1,2,806,720,1
203,1,22,10,3,1,1,365,643,1
204,0,48,7,0,2,2,523,210,1
205,1,44,23,2,3,2,433,236,1
206,3,1,8,1,9,3,17,796,1
207,0,23,3,0,2,2,82,702,1
208,2,2,6,4,3,1,285,929,1
209,0,50,12,1,1,2,503,639,1
210,2,5,10,7,3,1,222,567,1
211,3,4,2,1,6,3,84,864,1
212,2,44,20,6,2,0,837,190,1
213,1,24,20,2,1,2,790,470,1
214,0,29,19,1,1,3,888,561,1
215,2,8,20,5,3,0,939,54,1
216,0,58,29,1,0,2,69,980,1
217,0,19,31,0,2,3,197,722,1
218,2,36,2,7,2,0,92,940,1
219,2,52,29,5,5,1,472,360,1
220,1,27,9,1,1,2,7,296,1
221,1,4,2,3,3,2,726,227,1
222,3,4,6,1,14,3,696,921,1
223,2,32,3,3,2,1,480,126,1
224,1,20,29,1,2,1,823,819,1
225,2,26,22,7,2,1,317,649,1
226,3,2,9,2,13,2,615,64,1
227,0,12,11,1,1,3,889,327,1
228,0,56,13,1,1,2,319,301,1
229,1,16,19,1,3,1,768,348,1
230,0,54,19,1,2,2,804,148,1
231,1,21,12,2,3,1,865,274,1
232,2,1,11,7,5,0,608,734,1
233,2,52,22,5,4,1,894,656,1
234,0,20,24,0,1,2,316,165,1
235,0,17,34,1,2,4,409,398,1
236,2,9,25,3,4,1,93,823,1
237,3,11,11,1,9,1,732,667,1
238,0,4,17,0,1,4,732,43,1
239,1,39,34,2,4,2,632,672,1
240,2,56,29,7,2,0,376,448,1
241,1,57,34,2,3,1,762,675,1
242,2,8,21,7,3,0,119,739,1
243,0,51,17,1,1,2,858,835,1
244,0,17,25,1,0,4,511,378,1
245,3,2,4,1,7,2,576,447,1
246,3,10,7,1,13,2,210,683,1
247,3,7,10,0,11,2,925,463,1
248,3,3,8,0,13,2,974,401,1
249,3,6,3,2,13,1,31,557,1
250,2,55,3,6,3,0,643,19,1
251,1,41,10,1,3,1,941,907,1
252,3,2,6,2,13,1,922,408,1
253,2,34,26,7,2,0,839,896,1
254,3,7,5,0,13,3,741,262,1
255,0,40,31,0,0,3,668,689,1
256,3,8,7,2,5,2,407,66,1
257,3,10,4,0,10,2,381,40,1
258,0,44,4,0,1,4,657,5,1
259,1,16,7,3,3,1,116,77,1
260,3,4,10,2,5,1,338,374,1
261,1,46,34,1,2,1,149,258,1
262,1,24,28,1,2,2,663,807,1
263,3,8,3,1,13,2,222,524,1
264,1,36,24,1,4,2,371,544,1
265,3,1,1,0,13,1,435,119,1
266,1,34,17,3,4,1,820,369,1
267,0,40,23,0,2,4,342,204,1
268,0,57,3,1,1,3,884,54,1
269,3,2,4,1,10,1,967,548,1
270,3,9,10,0,11,3,60,606,1
271,0,8,30,1,2,2,393,150,1
272,3,8,7,2,9,1,210,720,1
273,2,58,8,3,3,0,113,922,1
274,3,2,10,0,5,3,941,678,1
275,1,11,34,1,2,2,16,236,1
276,3,10,3,2,9,3,973,16,1
277,3,1,6,0,12,2,639,821,1
278,3,11,8,0,14,3,51,624,1
279,2,23,6,7,5,0,65,727,1
280,0,45,35,0,1,4,426,576,1
281,2,16,26,4,3,1,488,195,1
282,3,1,7,2,6,2,819,292,1
283,3,3,2,1,13,1,696,637,1
284,2,45,12,7,5,1,236,603,1
285,3,3,3,1,13,1,319,438,1
286,1,59,14,2,4,2,246,829,1
287,3,10,5,1,10,1,388,682,1
288,3,2,6,1,7,1,333,173,1
289,0,12,14,0,1,3,721,399,1
290,1,21,10,2,2,1,607,280,1
291,3,9,11,0,7,1,705,585,1
292,3,4,10,0,9,2,555,346,1
293,3,7,4,2,13,3,697,966,1
294,1,46,32,1,4,2,401,811,1
295,2,11,16,6,2,1,154,706,1
296,3,9,6,1,5,3,348,81,1
297,2,32,23,6,5,1,549,115,1
298,1,47,29,3,4,2,222,736,1
299,0,52,2,0,2,2,200,995,1
300,2,25,26,6,2,1,591,701,1
301,3,4,4,0,13,2,943,407,1
302,2,29,15,6,3,1,289,47,1
303,1,10,11,3,4,1,715,261,1
304,0,42,14,0,2,2,60,843,1
305,3,5,10,0,10,1,190,15,1
306,1,28,26,3,2,1,140,644,1
307,3,11,7,2,12,1,192,726,1
308,2,7,27,3,3,1,963,584,1
309,0,32,16,0,0,2,560,28,1
310,0,29,21,1,2,4,931,956,1
311,3,4,3,0,13,1,499,688,1
312,0,32,10,1,2,3,137,896,1
313,3,10,9,1,6,1,898,187,1
314,1,25,29,3,2,1,703,737,1
315,2,11,11,3,3,1,322,507,1
316,3,7,3,1,6,1,369,97,1
317,0,53,9,1,1,3,296,728,1
318,0,6,24,1,1,3,378,926,1
319,0,8,35,1,1,4,182,569,1
320,3,3,2,1,12,2,337,533,1
321,3,2,9,0,7,3,974,305,1
322,3,4,8,0,10,1,435,252,1
323,1,20,8,2,4,1,275,442,1
324,1,57,29,1,4,1,750,726,1
325,1,6,13,3,1,1,582,696,1
326,1,46,22,2,1,2,903,376,1
327,3,5,10,2,13,3,78,703,1
328,2,31,16,5,4,1,10,78,1
329,1,54,15,1,4,2,194,437,1
330,0,3,3,1,0,2,47,180,1
331,3,7,10,0,5,1,25,19,1
332,0,31,17,0,0,3,450,779,1
333,2,11,15,6,3,1,301,47,1
334,0,48,4,1,0,4,139,238,1
335,3,8,4,2,12,1,132,949,1
336,2,53,21,7,5,0,918,280,1
337,0,50,25,0,1,2,199,966,1
338,2,51,16,3,2,0,244,442,1
339,2,10,6,3,2,0,548,386,1
340,0,12,26,0,0,2,25,249,1
341,3,3,3,0,5,1,972,926,1
342,0,23,7,0,1,2,646,849,1
343,1,10,33,1,2,2,986,101,1
344,0,11,26,0,1,4,632,936,1
345,2,50,9,4,3,1,966,137,1
346,2,2,27,4,5,0,500,988,1
347,0,26,10,0,0,3,424,656,1
348,0,56,23,0,0,4,171,649,1
349,1,34,6,2,3,2,124,735,1
350,0,30,34,0,1,3,49,463,1
351,0,16,6,0,1,4,585,730,1
352,3,3,1,1,6,2,294,868,1
353,0,47,18,1,0,3,78,758,1
354,2,54,24,4,2,0,371,358,1
355,0,2,25,1,0,2,971,318,1
356,3,7,5,2,5,2,427,540,1
357,0,12,30,0,1,2,287,362,1
358,0,17,20,1,0,3,253,414,1
359,0,51,16,1,2,4,603,602,1
360,3,3,4,1,8,1,862,221,1
361,1,22,6,1,4,1,179,889,1
362,0,29,35,0,0,4,959,717,1
363,1,14,9,2,1,2,26,511,1
364,2,18,5,4,2,1,567,400,1
365,0,55,28,0,1,4,922,25,1
366,3,5,2,0,7,1,650,102,1
367,0,27,22,0,0,4,764,696,1
368,0,48,23,1,1,3,683,565,1
369,0,28,34,1,1,3,161,908,1
370,3,5,10,2,11,2,712,135,1
371,2,7,20,4,2,1,628,17,1
372,2,8,10,5,5,1,446,151,1
373,0,27,18,0,2,4,852,952,1
374,0,48,28,1,2,2,304,623,1
375,3,2,10,1,12,1,271,328,1
376,3,8,1,0,6,1,968,46,1
377,3,10,1,0,6,2,988,940,1
378,0,9,5,0,1,2,61,418,1
379,1,36,17,3,3,1,480,681,1
380,3,5,9,2,9,2,546,970,1
381,3,9,11,2,12,1,533,822,1
382,1,2,18,3,3,1,235,541,1
383,2,42,11,3,4,0,782,822,1
384,2,56,18,7,3,0,469,289,1
385,2,3,25,5,5,1,350,64,1
386,0,43,13,1,2,2,370,511,1
387,2,12,15,7,4,0,36,347,1
388,3,2,8,0,11,3,145,749,1
389,0,35,7,1,0,3,696,765,1
390,0,59,16,1,2,3,492,366,1
391,0,52,23,1,1,4,73,259,1
392,0,55,15,0,0,3,426,944,1
393,1,18,26,3,1,1,464,423,1
394,0,53,6,0,2,3,587,847,1
395,0,9,10,1,1,2,55,9,1
396,0,39,6,1,2,2,170,673,1
397,0,44,9,0,0,4,728,651,1
398,0,34,16,0,1,2,951,307,1
399,3,6,9,1,7,2,180,833,1
400,3,11,1,2,8,1,459,298,1
401,3,4,2,0,11,3,930,460,1
402,0,25,33,1,2,2,437,323,1
403,0,37,13,0,2,2,395,782,1
404,1,30,14,3,1,1,483,225,1
405,3,2,5,0,13,2,470,690,1
406,1,29,14,3,3,2,628,705,1
407,1,6,20,2,1,1,384,212,1
408,1,24,9,3,3,1,412,716,1
409,0,46,2,1,2,4,983,33,1
410,2,8,19,5,4,0,779,131,1
411,0,15,32,0,0,2,158,663,1
412,1,23,8,2,1,2,935,404,1
413,0,16,9,0,2,2,224,233,1
414,0,39,17,1,2,4,853,200,1
415,2,1,14,5,4,0,70,218,1
416,0,44,9,1,2,2,845,629,1
417,2,1,15,5,2,0,858,758,1
418,0,12,26,1,0,2,403,606,1
419,2,32,26,3,5,1,653,229,1
420,3,4,4,0,9,3,662,319,1
421,1,21,13,1,1,1,669,536,1
422,1,33,21,2,2,2,458,683,1
423,2,21,8,7,4,0,493,673,1
424,2,42,13,3,3,0,275,954,1
425,2,50,30,3,4,1,264,384,1
426,3,3,4,2,9,2,507,189,1
427,0,58,12,0,2,2,344,984,1
428,1,58,27,1,1,2,370,751,1
429,0,3,31,1,1,3,60,370,1
430,0,26,17,1,1,4,327,767,1
431,1,18,13,3,2,2,953,887,1
432,2,54,33,4,3,0,972,328,1
433,0,51,18,1,0,4,317,384,1
434,1,47,26,2,2,2,936,683,1
435,3,7,6,0,9,3,83,290,1
436,0,59,24,1,0,2,542,497,1
437,0,49,22,1,1,3,157,785,1
438,3,10,7,2,6,1,956,392,1
439,3,4,9,1,5,3,468,854,1
440,1,51,19,1,1,1,71,157,1
441,0,20,35,1,2,4,680,19,1
442,2,25,3,7,3,1,247,530,1
443,2,34,12,3,4,0,835,661,1
444,2,44,24,4,4,1,204,246,1
445,1,14,25,2,2,1,658,566,1
446,2,29,27,5,4,1,18,887,1
447,2,34,30,7,4,1,831,768,1
448,1,48,14,3,2,1,333,149,1
449,3,9,10,0,13,3,33,639,1
450,1,52,7,1,4,2,660,77,1
451,2,47,35,7,3,0,846,411,1
452,0,25,32,0,1,2,230,6,1
453,0,19,18,0,0,4,89,992,1
454,3,3,1,1,11,1,74,972,1
455,3,4,7,2,7,2,787,559,1
456,3,1,1,1,9,2,544,574,1
457,0,57,28,0,1,3,572,575,1
458,0,15,12,0,1,2,819,199,1
459,3,1,4,2,6,3,236,379,1
460,1,27,27,2,4,2,704,25,1
461,2,31,19,7,2,0,811,158,1
462,3,8,7,0,6,3,535,632,1
463,1,29,27,1,2,1,32,433,1
464,2,45,1,3,3,0,254,289,1
465,0,52,20,1,0,2,559,846,1
466,0,53,28,0,1,4,846,989,1
467,3,4,11,2,9,3,376,853,1
468,3,11,8,1,14,2,322,93,1
469,0,15,31,0,1,3,908,171,1
470,1,34,6,2,3,1,587,875,1
471,0,52,17,0,1,3,72,866,1
472,0,11,29,0,1,3,225,173,1
473,0,48,8,1,0,4,763,450,1
474,2,16,4,7,2,0,231,505,1
475,0,53,10,0,2,3,725,285,1
476,0,50,9,1,0,3,634,962,1
477,2,48,13,5,4,0,927,988,1
478,3,11,10,2,7,2,718,958,1
479,2,11,30,4,4,0,916,679,1
480,0,28,33,1,1,2,128,473,1
481,3,6,8,0,11,3,442,357,1
482,3,2,2,1,5,3,268,342,1
483,1,53,19,3,2,1,305,294,1
484,0,57,23,0,1,3,528,901,1
485,0,51,15,0,2,2,223,240,1
486,0,38,26,0,2,3,965,257,1
487,1,23,12,1,1,1,505,808,1
488,1,32,13,1,2,2,362,116,1
489,0,25,30,0,0,4,11,639,1
490,3,2,3,0,6,2,11,581,1
491,0,55,24,0,2,4,183,781,1
492,0,42,16,0,1,3,720,383,1
493,0,34,17,1,0,4,530,632,1
494,2,39,31,6,2,1,121,738,1
495,0,15,9,1,0,3,272,105,1
496,1,10,10,1,3,2,694,585,1
497,2,25,10,5,4,0,162,566,1
498,3,2,8,1,11,2,836,451,1
499,1,7,17,1,4,1,634,630,1
500,1,56,14,3,2,1,190,231,1
501,0,49,33,0,2,3,560,8,1
502,0,22,14,0,1,3,913,941,1
503,3,6,1,0,13,3,948,417,1
504,3,2,8,0,8,2,858,609,1
505,3,4,7,2,12,1,933,565,1
506,2,41,17,5,3,1,25,246,1
507,0,26,35,1,0,3,751,235,1
508,1,41,17,1,4,2,75,121,1
509,1,13,12,2,4,1,577,562,1
510,1,42,5,2,3,2,496,503,1
511,0,14,24,1,1,4,691,302,1
512,2,41,21,7,3,1,202,154,1
513,0,27,9,0,1,4,507,782,1
514,3,2,8,2,12,3,432,438,1
515,1,46,34,1,1,1,539,831,1
516,2,14,25,5,2,0,864,716,1
517,0,11,25,0,0,4,183,351,1
518,3,4,9,2,5,2,93,979,1
519,0,53,28,0,1,4,304,602,1
520,3,5,4,0,5,1,560,863,1
521,2,12,9,4,4,0,836,977,1
522,3,11,3,2,6,1,764,890,1
523,3,5,8,0,12,2,105,357,1
524,0,6,25,0,0,2,189,302,1
525,0,57,14,0,1,2,748,329,1
526,3,7,9,0,5,2,121,648,1
527,3,2,7,1,9,1,828,710,1
528,3,8,10,1,7,3,102,906,1
529,2,38,29,7,4,0,429,815,1
530,3,8,6,0,10,2,682,920,1
531,1,27,3,3,4,1,261,90,1
532,1,52,6,1,1,2,456,433,1
533,0,14,21,1,2,4,101,351,1
534,1,30,12,1,2,1,812,337,1
535,3,3,3,0,5,3,177,591,1
536,0,51,8,1,0,3,962,290,1
537,0,46,22,0,0,4,957,667,1
538,3,3,3,2,9,3,272,489,1
539,3,3,4,0,8,3,314,495,1
540,0,51,17,0,0,3,115,720,1
541,3,7,5,2,14,1,447,49,1
542,2,43,15,5,5,1,478,933,1
543,0,33,10,1,2,4,526,291,1
544,3,5,1,2,13,3,687,335,1
545,0,55,15,0,1,4,464,498,1
546,0,55,17,0,1,2,282,255,1
547,0,11,27,1,2,2,465,198,1
548,0,10,27,0,1,4,727,394,1
549,1,30,21,3,1,2,115,726,1
550,2,16,26,7,2,1,956,372,1
551,1,4,2,2,2,1,856,912,1
552,3,9,8,2,7,3,386,895,1
553,3,1,9,1,14,2,410,18,1
554,3,11,2,2,13,2,118,516,1
555,0,31,23,1,0,4,870,641,1
556,3,7,6,2,10,3,683,504,1
557,3,3,8,1,5,3,377,8,1
558,1,41,30,1,2,2,426,379,1
559,0,6,11,1,1,2,652,494,1
560,3,5,4,0,14,2,253,20,1
561,0,28,11,1,0,2,535,726,1
562,1,54,16,3,2,1,945,498,1
563,2,35,12,6,3,0,538,321,1
564,0,20,7,1,0,4,606,585,1
565,3,9,4,2,7,3,700,259,1
566,2,44,3,4,4,0,574,973,1
567,0,10,22,0,0,2,365,246,1
568,2,45,29,3,5,1,853,366,1
569,0,42,24,0,2,2,437,49,1
570,3,3,2,2,5,1,459,98,1
571,0,22,33,0,2,4,800,781,1
572,1,20,16,3,3,1,388,714,1
573,0,42,21,1,0,4,116,526,1
574,3,2,1,2,12,2,421,420,1
575,3,6,11,0,7,1,189,793,1
576,0,48,8,0,0,4,462,22,1
577,0,24,28,0,2,4,922,845,1
578,3,4,2,1,9,2,250,710,1
579,1,34,23,3,4,2,92,304,1
580,0,31,23,1,0,2,568,516,1
581,1,50,14,2,1,2,797,888,1
582,1,27,32,1,3,1,567,950,1
583,1,37,31,1,1,1,693,219,1
584,3,5,8,1,6,3,387,201,1
585,1,9,32,2,1,1,367,597,1
586,1,33,4,1,1,2,427,692,1
587,2,58,9,7,4,0,812,727,1
588,0,21,4,1,1,3,425,165,1
589,0,49,2,0,2,4,988,754,1
590,2,48,32,3,4,1,473,233,1
591,0,5,31,1,0,4,965,874,1
592,2,50,9,7,2,1,95,387,1
593,1,6,16,3,4,2,243,237,1
594,2,22,24,7,2,0,135,498,1
595,3,4,5,1,5,1,712,247,1
596,1,52,24,1,4,2,111,623,1
597,0,36,21,0,2,4,479,974,1
598,1,36,9,1,4,1,592,595,1
599,2,55,9,7,5,0,33,87,1
600,1,30,11,3,1,2,949,529,1
601,2,53,6,3,5,0,335,530,1
602,3,10,11,0,5,1,19,656,1
603,1,39,34,2,1,2,62,628,1
604,3,4,3,2,7,2,638,918,1
605,1,37,1,3,2,2,373,226,1
606,3,2,10,2,7,2,343,362,1
607,3,2,8,1,11,1,407,803,1
608,2,35,8,5,2,0,477,368,1
609,3,7,3,2,6,1,554,310,1
610,1,33,24,3,1,2,607,608,1
611,2,44,32,4,2,0,905,252,1
612,1,27,12,3,3,2,307,447,1
613,3,5,11,0,14,1,499,955,1
614,3,10,5,0,12,3,164,221,1
615,3,9,5,0,5,1,587,417,1
616,0,12,8,1,0,2,712,499,1
617,3,7,1,0,12,1,924,821,1
618,2,7,7,4,3,0,394,19,1
619,3,9,10,1,10,3,451,631,1
620,3,5,10,0,8,2,264,943,1
621,3,3,4,1,8,1,628,875,1
622,3,9,8,0,14,3,725,520,1
623,0,49,10,0,1,2,372,647,1
624,3,10,6,2,6,3,515,639,1
625,0,48,2,1,2,4,553,594,1
626,3,8,5,0,6,2,64,664,1
627,3,10,3,1,9,3,448,190,1
628,3,1,5,0,7,2,893,876,1
629,2,47,1,3,5,1,605,731,1
630,0,10,5,1,1,2,32,148,1
631,0,42,1,0,0,4,456,691,1
632,3,6,2,1,8,1,186,30,1
633,1,25,12,2,2,2,8,227,1
634,0,36,35,1,0,2,360,568,1
635,0,58,8,0,2,4,527,711,1
636,1,57,9,3,2,1,714,928,1
637,1,40,31,1,4,2,998,686,1
638,0,58,34,1,2,3,773,908,1
639,2,53,16,5,4,1,199,416,1
640,0,7,2,0,0,4,514,191,1
641,0,10,13,0,2,3,679,700,1
642,1,16,18,1,3,1,308,283,1
643,2,16,32,4,4,1,934,162,1
644,0,26,7,1,1,4,235,121,1
645,1,49,32,2,3,1,513,153,1
646,0,38,17,0,1,4,999,85,1
647,2,18,17,7,4,1,865,68,1
648,2,40,8,5,3,0,828,302,1
649,3,9,8,0,11,2,612,701,1
650,2,11,33,6,3,0,29,740,1
651,0,56,25,1,2,3,506,492,1
652,0,44,15,1,0,4,709,723,1
653,1,36,8,2,4,1,206,93,1
654,2,53,28,5,3,1,556,77,1
655,1,37,19,2,1,2,681,420,1
656,2,36,24,5,4,1,184,896,1
657,3,9,10,2,9,1,872,982,1
658,1,37,6,2,1,1,822,151,1
659,1,20,31,3,4,1,344,17,1
660,3,5,3,2,10,3,683,374,1
661,1,6,5,3,3,2,939,653,1
662,2,26,17,7,4,0,965,871,1
663,1,54,21,3,3,2,922,541,1
664,1,15,35,2,1,1,234,809,1
665,3,6,4,2,8,2,876,321,1
666,3,8,6,0,14,2,970,795,1
667,2,43,7,6,2,0,640,720,1
668,1,36,8,2,1,2,738,69,1
669,3,6,11,1,10,3,475,830,1
670,3,6,7,1,8,2,843,8,1
671,0,29,21,1,2,3,32,352,1
672,0,2,28,1,2,3,689,995,1
673,0,48,20,0,1,4,306,189,1
674,3,6,7,2,14,1,232,820,1
675,2,4,8,7,4,0,898,764,1
676,2,28,28,3,5,0,129,262,1
677,2,34,17,7,3,0,683,494,1
678,3,7,7,2,7,3,887,111,1
679,0,21,25,1,2,2,182,639,1
680,2,6,16,5,3,0,667,308,1
681,0,15,15,0,0,2,157,791,1
682,0,40,26,1,1,2,5,864,1
683,3,7,11,0,13,2,250,297,1
684,3,3,3,0,13,3,46,612,1
685,2,19,28,4,2,1,318,478,1
686,0,59,1,1,2,4,946,28,1
687,2,32,3,7,3,0,31,946,1
688,3,2,11,1,9,3,854,731,1
689,3,5,1,2,9,1,45,216,1
690,1,48,3,3,4,1,432,697,1
691,3,10,11,2,6,2,633,192,1
692,1,28,1,2,2,2,310,400,1
693,2,20,11,4,3,0,305,147,1
694,0,20,15,0,1,4,921,134,1
695,1,20,18,3,3,1,258,411,1
696,3,9,5,1,8,1,435,655,1
697,3,10,9,1,5,1,193,393,1
698,3,9,7,2,12,1,831,272,1
699,3,8,5,1,8,1,998,186,1
700,2,14,6,6,4,0,738,353,1
701,0,52,24,0,2,2,817,815,1
702,3,1,2,1,9,2,590,185,1
703,2,10,28,7,4,0,725,640,1
704,1,13,25,1,1,2,103,674,1
705,3,2,3,0,9,1,127,177,1
706,2,57,19,4,2,1,497,538,1
707,1,12,2,2,2,2,756,255,1
708,0,35,1,1,0,3,178,276,1
709,0,10,31,1,2,3,453,35,1
710,2,20,23,3,3,0,213,977,1
711,0,51,1,1,1,4,562,103,1
712,3,10,7,1,6,3,308,25,1
713,0,18,26,0,2,4,518,831,1
714,2,19,34,5,3,1,307,317,1
715,3,3,2,1,6,2,601,756,1
716,2,21,18,7,5,1,159,89,1
717,0,32,3,0,1,2,404,630,1
718,3,1,4,1,6,3,250,487,1
719,3,4,9,0,5,2,987,754,1
720,1,32,18,2,1,2,131,778,1
721,0,46,17,1,1,2,254,550,1
722,3,8,11,2,5,3,460,113,1
723,2,49,9,4,2,0,929,983,1
724,1,4,4,1,1,2,89,995,1
725,2,55,16,7,2,1,61,908,1
726,1,38,29,3,2,2,751,154,1
727,1,47,21,1,1,2,189,469,1
728,0,47,14,1,0,3,874,740,1
729,0,21,3,1,0,4,312,611,1
730,2,15,4,5,3,1,386,580,1
731,2,22,14,6,4,0,118,177,1
732,0,20,14,0,1,3,411,917,1
733,0,49,23,1,1,2,963,442,1
734,3,6,7,2,9,1,429,862,1
735,2,56,12,3,3,0,807,419,1
736,1,27,18,3,3,1,877,986,1
737,1,25,4,1,4,1,305,42,1
738,3,2,4,2,13,3,817,670,1
739,1,27,35,1,4,2,983,577,1
740,3,10,9,2,14,3,804,949,1
741,1,56,23,2,1,2,771,578,1
742,3,2,1,1,10,3,429,661,1
743,3,2,11,1,12,3,354,65,1
744,1,7,30,3,4,2,112,644,1
745,3,11,9,1,7,2,421,801,1
746,2,2,5,4,3,1,826,977,1
747,0,58,4,1,1,4,628,273,1
748,0,27,23,0,0,4,706,436,1
749,3,2,1,0,9,3,246,674,1
750,0,8,11,0,0,4,113,529,1
751,1,34,22,2,1,2,666,936,1
752,0,50,1,0,0,3,946,850,1
753,1,8,10,1,3,1,224,271,1
754,3,1,3,1,9,3,569,723,1
755,3,11,8,0,7,2,178,470,1
756,0,48,14,0,1,3,746,216,1
757,2,9,5,6,5,0,912,369,1
758,2,3,19,6,4,0,13,63,1
759,1,39,21,3,2,2,722,60,1
760,3,9,10,1,12,3,346,517,1
761,1,40,28,1,1,2,347,859,1
762,2,21,10,7,3,1,647,769,1
763,3,9,5,2,9,2,138,346,1
764,0,11,4,0,1,4,940,891,1
765,3,5,7,1,8,2,14,622,1
766,3,2,11,0,12,2,825,405,1
767,0,8,28,1,1,2,953,815,1
768,1,31,32,2,2,1,139,433,1
769,3,10,4,0,7,2,776,424,1
770,3,1,7,0,6,2,25,687,1
771,3,8,6,1,8,3,232,286,1
772,2,53,11,5,3,1,892,570,1
773,3,8,9,1,7,1,243,885,1
774,2,33,9,7,3,0,550,825,1
775,3,11,9,1,5,1,328,377,1
776,0,16,14,1,2,4,146,117,1
777,1,31,14,3,4,1,380,955,1
778,3,5,8,1,6,3,885,552,1
779,2,1,33,5,2,0,864,583,1
780,0,1,33,0,0,2,233,983,1
781,0,21,20,1,2,3,866,821,1
782,2,27,9,7,4,0,371,64,1
783,1,56,3,3,4,1,341,985,1
784,3,6,6,1,5,3,686,934,1
785,1,17,14,2,3,2,746,649,1
786,1,57,4,2,2,1,47,91,1
787,0,3,6,1,2,2,871,411,1
788,2,35,4,7,5,1,662,927,1
789,0,22,21,1,2,2,997,228,1
790,1,35,35,1,2,2,131,114,1
791,0,2,31,0,0,2,569,901,1
792,0,2,24,1,0,2,682,77,1
793,2,55,33,6,2,1,879,501,1
794,0,3,25,0,2,2,246,97,1
795,1,28,20,1,4,2,956,908,1
796,3,4,6,1,13,1,59,511,1
797,0,41,18,1,0,3,707,273,1
798,2,27,7,7,5,0,866,929,1
799,0,36,18,1,1,3,441,913,1
800,2,8,14,6,3,0,825,964,1
801,0,18,14,1,2,2,452,239,1
802,0,43,20,0,0,2,864,43,1
803,2,4,29,4,5,0,996,929,1
804,1,54,19,1,4,2,838,874,1
805,2,45,9,6,4,0,655,838,1
806,0,57,32,0,2,3,858,520,1
807,0,47,15,0,0,4,362,871,1
808,1,33,15,3,1,2,763,283,1
809,2,13,21,3,2,0,136,913,1
810,0,32,18,1,0,3,542,201,1
811,3,4,7,0,6,1,559,762,1
812,3,11,7,2,10,3,11,439,1
813,3,11,3,2,12,2,727,46,1
814,3,3,9,1,14,3,752,247,1
815,3,4,10,0,9,1,727,109,1
816,1,36,20,2,2,2,916,838,1
817,3,8,1,2,8,2,123,348,1
818,0,31,4,0,1,2,394,243,1
819,1,13,34,2,1,1,406,651,1
820,1,21,23,1,1,1,797,435,1
821,1,53,5,2,2,2,474,903,1
822,0,19,25,1,1,4,287,695,1
823,0,43,22,0,2,3,50,677,1
824,3,7,4,1,6,1,194,340,1
825,1,48,9,1,1,2,84,889,1
826,1,54,18,2,2,2,261,583,1
827,1,41,33,2,1,1,594,483,1
828,0,1,13,1,1,4,836,802,1
829,3,5,6,2,10,2,211,16,1
830,0,27,27,0,2,4,514,690,1
831,0,17,27,0,2,2,875,368,1
832,3,2,8,1,10,2,666,90,1
833,3,11,3,0,10,2,811,679,1
834,0,9,17,0,1,3,419,759,1
835,1,20,17,3,4,2,224,626,1
836,3,11,11,1,13,2,648,839,1
837,1,57,23,3,2,1,930,370,1
838,0,52,3,1,0,3,372,987,1
839,1,39,3,2,1,2,973,772,1
840,0,46,12,0,0,4,928,45,1
841,2,5,29,7,5,1,676,955,1
842,1,17,23,1,4,1,56,35,1
843,0,42,10,0,1,2,829,794,1
844,3,9,10,0,6,2,921,451,1
845,0,52,4,0,1,2,847,610,1
846,3,11,4,1,10,3,892,631,1
847,2,18,32,4,5,1,732,375,1
848,2,45,1,7,5,1,933,178,1
849,2,36,33,4,3,0,110,58,1
850,1,37,34,1,2,2,836,167,1
851,3,10,3,2,7,3,898,598,1
852,3,8,9,1,5,1,796,727,1
853,1,38,15,1,2,2,792,604,1
854,1,50,28,2,2,1,674,739,1
855,0,32,4,1,0,3,531,218,1
856,3,5,6,1,14,3,804,689,1
857,3,6,1,0,10,3,213,573,1
858,3,4,11,1,7,1,401,834,1
859,1,53,6,2,4,2,605,480,1
860,0,41,18,0,1,2,816,728,1
861,0,4,21,0,2,3,349,882,1
862,3,5,10,0,14,3,350,964,1
863,3,7,5,2,12,1,557,480,1
864,1,56,24,2,2,2,597,181,1
865,3,9,3,1,9,2,225,776,1
866,3,8,10,1,6,2,769,378,1
867,1,13,29,1,1,2,673,820,1
868,0,27,8,1,1,3,571,811,1
869,0,46,7,1,0,3,183,535,1
870,2,5,33,6,5,0,670,103,1
871,1,38,12,2,4,1,730,626,1
872,3,7,10,2,14,3,753,164,1
873,1,10,3,3,1,2,215,945,1
874,0,17,4,0,0,4,100,201,1
875,1,5,30,1,2,2,518,233,1
876,0,3,15,1,0,4,146,932,1
877,0,57,8,1,0,2,804,940,1
878,0,12,14,0,1,3,552,126,1
879,3,6,4,1,11,3,910,639,1
880,1,14,25,3,2,1,384,780,1
881,0,5,28,0,2,4,315,821,1
882,0,54,17,1,0,3,290,66,1
883,3,11,5,1,11,3,838,738,1
884,2,12,34,7,3,0,891,439,1
885,0,4,13,0,0,4,53,644,1
886,0,35,12,1,1,4,262,168,1
887,3,5,6,1,7,1,236,944,1
888,1,20,15,3,2,2,202,789,1
889,1,55,30,1,1,2,110,543,1
890,3,4,11,0,13,2,651,788,1
891,0,45,30,1,1,2,742,679,1
892,1,31,18,1,4,1,922,842,1
893,3,2,2,2,8,2,950,718,1
894,0,58,27,0,0,3,377,500,1
895,3,4,4,2,11,1,896,157,1
896,1,25,18,1,3,2,91,164,1
897,1,32,24,1,3,2,35,431,1
898,0,7,11,1,2,2,922,501,1
899,3,2,11,2,10,1,272,653,1
900,3,1,7,1,7,2,917,277,1
901,2,55,32,7,2,1,785,195,1
902,0,49,4,0,1,3,769,98,1
903,1,31,11,2,3,1,359,560,1
904,0,2,35,1,1,2,613,250,1
905,3,7,6,1,13,3,453,32,1
906,0,50,20,0,1,3,432,562,1
907,1,49,7,1,4,1,483,417,1
908,2,58,22,7,3,1,475,76,1
909,3,5,9,2,14,2,135,437,1
910,1,42,34,2,4,1,691,610,1
911,2,44,21,4,5,0,952,80,1
912,3,6,7,1,8,3,100,358,1
913,3,8,5,2,8,2,518,971,1
914,2,59,29,6,3,1,708,600,1
915,2,28,5,6,4,1,305,103,1
916,2,21,2,6,2,0,2,951,1
917,3,9,10,1,11,2,820,640,1
918,1,13,35,1,1,2,595,121,1
919,3,4,4,1,9,3,600,802,1
920,1,27,21,3,1,2,666,553,1
921,3,8,8,1,7,2,530,473,1
922,0,45,17,0,2,3,440,198,1
923,3,11,8,0,8,2,807,438,1
924,0,12,34,0,2,3,132,332,1
925,2,29,22,3,5,0,689,524,1
926,3,6,3,0,13,1,705,665,1
927,1,45,29,2,3,1,298,601,1
928,3,2,6,1,12,1,207,569,1
929,1,58,4,3,1,1,833,534,1
930,3,6,8,1,12,1,84,230,1
931,3,1,7,0,12,3,826,281,1
932,2,13,15,5,5,0,178,998,1
933,0,39,11,1,1,2,967,541,1
934,1,40,2,2,1,2,344,514,1
935,3,1,2,0,10,1,415,160,1
936,3,3,5,2,5,2,488,293,1
937,2,50,25,5,3,1,441,25,1
938,2,37,17,4,2,0,145,575,1
939,3,2,1,2,9,1,194,12,1
940,1,49,11,1,4,1,178,238,1
941,1,59,9,1,3,1,670,902,1
942,3,2,2,1,10,2,759,584,1
943,3,11,10,2,12,1,787,305,1
944,2,34,14,4,5,0,38,391,1
945,3,11,1,2,12,2,686,288,1
946,2,37,29,4,5,1,529,710,1
947,2,35,32,3,2,1,411,3,1
948,3,3,2,2,10,1,34,92,1
949,3,11,1,2,5,1,259,458,1
950,0,15,21,0,0,3,236,139,1
951,3,10,11,2,6,3,89,291,1
952,3,5,4,2,12,3,175,21,1
953,0,55,6,1,0,4,492,395,1
954,0,18,31,0,2,2,623,523,1
955,1,43,13,3,4,1,290,138,1
956,0,57,29,1,1,3,821,200,1
957,3,5,11,2,14,1,45,444,1
958,2,45,27,4,5,1,414,969,1
959,0,58,16,1,1,3,561,573,1
960,0,17,18,1,2,2,248,548,1
961,0,17,21,1,2,3,471,455,1
962,0,50,11,1,1,4,774,84,1
963,2,38,35,7,2,0,524,566,1
964,0,56,20,1,2,3,566,492,1
965,3,2,3,2,11,1,552,877,1
966,3,7,8,0,10,2,593,591,1
967,1,37,16,1,2,1,172,206,1
968,2,55,22,5,2,1,579,391,1
969,3,8,6,1,13,1,825,549,1
970,1,10,26,1,2,2,378,787,1
971,2,2,25,4,4,1,753,52,1
972,1,52,1,2,2,2,982,162,1
973,0,35,20,1,0,4,168,38,1
974,1,52,16,2,2,1,405,466,1
975,2,31,20,4,4,1,854,425,1
976,1,31,21,2,3,2,269,519,1
977,2,48,34,7,3,1,944,311,1
978,3,1,6,0,14,3,537,803,1
979,3,10,9,1,7,1,848,570,1
980,3,3,5,0,11,2,525,202,1
981,1,47,11,1,1,1,446,69,1
982,0,44,27,1,0,4,609,288,1
983,2,28,17,7,3,1,598,237,1
984,1,11,9,1,4,2,530,9,1
985,0,22,35,0,0,2,200,574,1
986,3,4,1,1,7,1,367,124,1
987,1,7,8,2,4,1,587,366,1
988,3,2,8,0,11,2,892,528,1
989,1,37,33,2,4,2,543,672,1
990,3,9,5,0,8,1,856,338,1
991,0,32,11,1,0,4,440,203,1
992,3,1,5,0,9,2,947,410,1
993,3,9,9,2,13,3,315,957,1
994,2,5,27,6,5,1,570,214,1
995,3,11,9,1,8,2,128,990,1
996,0,6,23,1,2,2,628,887,1
997,0,24,26,1,2,2,240,973,1
998,2,7,10,7,3,0,654,892,1
999,0,59,5,1,0,4,499,228,1
